{"guilds":[{"guildID": 830158413408239646, "messages": 7, "userdiff": 0, "vcsecdiff": 0, "engagedusers": [{"username": "kidsonfilms#4635", "uid": 645388150524608523, "messagesSent": 6, "vcsecs": 0, "activetime": [1622865543.285599]}, {"username": "MEE6#4876", "uid": 159985870458322944, "messagesSent": 1, "vcsecs": 0, "activetime": [1622865545.063485]}]}]}